{"train_loss":[1.1982601881027222,1.126038908958435,1.0976171493530273,1.0852211713790894,1.0688623189926147,1.0534766912460327,1.0587413311004639,1.0388901233673096,1.031603455543518,1.0197733640670776],"train_acc":[0.47155555555555556,0.504579945799458,0.5204281842818428,0.5247479674796748,0.5334634146341464,0.5411761517615176,0.5391653116531165,0.5476639566395664,0.5515934959349593,0.5576964769647696],"mean_batch_loss":[1.3715232837502014,1.1894738772781284,1.1473047457405399,1.1230064571069174,1.1074933668639235,1.0953426457013764,1.0849881058366937,1.0761925153876195,1.0677418391860858,1.0600932937010765],"val_acc":[0.4660975609756098,0.49414634146341463,0.506780487804878,0.5094146341463415,0.5134146341463415,0.5134146341463415,0.5117560975609756,0.5157560975609756,0.5150731707317073,0.5171707317073171],"val_loss":[1.206295371055603,1.1448343992233276,1.123439908027649,1.1225303411483765,1.1089285612106323,1.1056982278823853,1.1155240535736084,1.1087454557418823,1.1077158451080322,1.1041845083236694]}