{"train_loss":[1.1761550903320312,1.1251630783081055,1.0947471857070923,1.0780127048492432,1.06576406955719,1.051841378211975,1.0512794256210327,1.0421395301818848,1.0290251970291138,1.0246455669403076],"train_acc":[0.4805528455284553,0.5054850948509485,0.5199457994579946,0.5272140921409214,0.5351327913279132,0.5418265582655827,0.544769647696477,0.5502981029810298,0.5526829268292683,0.5561788617886179],"mean_batch_loss":[1.33261013532363,1.1839648289085882,1.1451970382134533,1.123435142364429,1.108453189121366,1.0957932142056899,1.085624709151662,1.0767624169495054,1.068465081015437,1.0611806314437289],"val_acc":[0.4732682926829268,0.4968780487804878,0.5086341463414634,0.5114634146341464,0.5163414634146342,0.5205853658536586,0.5163414634146342,0.5224878048780488,0.5200975609756098,0.5232682926829268],"val_loss":[1.1869755983352661,1.1466249227523804,1.1220574378967285,1.1133091449737549,1.109257459640503,1.0991955995559692,1.107479214668274,1.1217576265335083,1.1081087589263916,1.1131737232208252]}