{"train_loss":[1.2013174295425415,1.109656572341919,1.0781234502792358,1.0613688230514526,1.041605830192566,1.0278574228286743,1.0133434534072876,0.998570442199707,0.9865028858184814,0.9766276478767395],"train_acc":[0.4950460704607046,0.515219512195122,0.5289322493224933,0.5362439024390244,0.5472737127371273,0.5531924119241193,0.5623468834688347,0.56910027100271,0.5741084010840108,0.5805149051490515],"mean_batch_loss":[1.2956545805604434,1.1664167100197318,1.1320623969126193,1.1114070525381907,1.0937960052548124,1.0794937814270256,1.0678331692765415,1.056252321393135,1.046068695707533,1.0363663017046854],"val_acc":[0.484390243902439,0.4995121951219512,0.5079024390243903,0.5078048780487805,0.5088292682926829,0.5109268292682927,0.5143414634146342,0.5113170731707317,0.5133658536585366,0.511219512195122],"val_loss":[1.2238922119140625,1.1359469890594482,1.1208038330078125,1.1208102703094482,1.1079118251800537,1.1104367971420288,1.1220238208770752,1.119575023651123,1.124924898147583,1.118232250213623]}