{"train_loss":[1.1869617700576782,1.1300780773162842,1.0970572233200073,1.0873303413391113,1.065819501876831,1.0604281425476074,1.048770785331726,1.0396164655685425,1.024968147277832,1.0136754512786865],"train_acc":[0.47547967479674796,0.5049756097560976,0.5211219512195122,0.5292520325203252,0.5366937669376693,0.540330623306233,0.5449539295392954,0.5485691056910569,0.5558536585365854,0.5615609756097562],"mean_batch_loss":[1.345289701126203,1.1921214218917837,1.150751813765495,1.1284203937783077,1.1110911070680272,1.0979358744402128,1.0869929613316178,1.0780173075972355,1.07050837249215,1.0630425249810769],"val_acc":[0.4706341463414634,0.4995121951219512,0.5049756097560976,0.5135609756097561,0.5162439024390244,0.511219512195122,0.5203414634146342,0.5140975609756098,0.5171219512195122,0.5191707317073171],"val_loss":[1.1957597732543945,1.1515742540359497,1.1241532564163208,1.1170942783355713,1.1166090965270996,1.1188379526138306,1.1078190803527832,1.1085424423217773,1.0981016159057617,1.1060093641281128]}