{"train_loss":[1.2160347700119019,1.1255383491516113,1.1073144674301147,1.0967333316802979,1.0653942823410034,1.0592420101165771,1.0532082319259644,1.0462802648544312,1.0305757522583008,1.0393340587615967],"train_acc":[0.4713170731707317,0.5088021680216802,0.5152845528455284,0.5236151761517616,0.5356693766937669,0.5386666666666666,0.5442818428184282,0.5472411924119241,0.5519295392953929,0.554509485094851],"mean_batch_loss":[1.3449366637145401,1.1917064977403404,1.1552212854722619,1.1339104636092587,1.1169680916845406,1.1046049606560255,1.0951262172977005,1.0873285643950212,1.0787123936540832,1.0719075738411994],"val_acc":[0.4715609756097561,0.5001463414634146,0.5033170731707317,0.5118536585365854,0.5169756097560976,0.5158048780487805,0.5175609756097561,0.5164390243902439,0.5190731707317073,0.5205853658536586],"val_loss":[1.2204426527023315,1.1418429613113403,1.1304923295974731,1.1330718994140625,1.1026049852371216,1.1132549047470093,1.1215132474899292,1.1154648065567017,1.102629542350769,1.1329692602157593]}