{"train_loss":[1.2582050561904907,1.1732978820800781,1.1294034719467163,1.1131012439727783,1.1017829179763794,1.0912115573883057,1.0887490510940552,1.0687211751937866,1.0618500709533691,1.0538042783737183],"train_acc":[0.4343468834688347,0.4771869918699187,0.5022005420054201,0.5091544715447155,0.514189701897019,0.5230894308943089,0.5258644986449864,0.5323089430894309,0.5370731707317074,0.5406883468834688],"mean_batch_loss":[1.4781134018788848,1.2403130408917868,1.1822630814326707,1.1540823067140134,1.1365728185092496,1.1228228977600652,1.1130841304930887,1.104812561442279,1.0982205575119486,1.0923093618244253],"val_acc":[0.42985365853658536,0.47360975609756095,0.4921463414634146,0.4999512195121951,0.5059512195121951,0.5069268292682927,0.5087317073170732,0.5137073170731707,0.5114634146341464,0.5142926829268293],"val_loss":[1.2639141082763672,1.1864089965820312,1.1478605270385742,1.1376105546951294,1.1282061338424683,1.1217535734176636,1.1226869821548462,1.110558032989502,1.1051483154296875,1.105944037437439]}