{"train_loss":[1.2022322416305542,1.1401104927062988,1.098457932472229,1.0785974264144897,1.074149489402771,1.0572115182876587,1.0474655628204346,1.043254017829895,1.0268160104751587,1.026482343673706],"train_acc":[0.47035772357723576,0.4992140921409214,0.5182872628726287,0.5281409214092141,0.5333062330623306,0.5381951219512195,0.5419457994579946,0.5463631436314363,0.5546233062330623,0.5549918699186992],"mean_batch_loss":[1.3453241460673973,1.1927606058521814,1.1498358008289271,1.1259959616513868,1.109788927918625,1.0974319936230164,1.086734091288672,1.0792855663593965,1.0698938284055086,1.0640283079247403],"val_acc":[0.4692682926829268,0.48946341463414633,0.5079512195121951,0.5107317073170732,0.515219512195122,0.5199512195121951,0.5149268292682927,0.5187804878048781,0.5220975609756098,0.5216585365853659],"val_loss":[1.2081893682479858,1.1563807725906372,1.124830961227417,1.1119409799575806,1.118717074394226,1.1100029945373535,1.1019567251205444,1.112244725227356,1.1031180620193481,1.0995571613311768]}