{"train_loss":[1.1819666624069214,1.1618475914001465,1.100191593170166,1.08799409866333,1.0732684135437012,1.058638334274292,1.0426170825958252,1.0434565544128418,1.0230565071105957,1.0335408449172974],"train_acc":[0.4789864498644986,0.48381571815718155,0.5187642276422765,0.5230189701897019,0.5317344173441735,0.5373062330623306,0.5452357723577236,0.5440162601626016,0.5555718157181572,0.5487154471544715],"mean_batch_loss":[1.3525722695025477,1.1914589604672317,1.1509181729547273,1.1276564303368195,1.1102107011254694,1.097361918253242,1.0879862075707087,1.0774152352914932,1.070363507620626,1.0619041223390375],"val_acc":[0.476390243902439,0.4754634146341463,0.5065365853658537,0.5068292682926829,0.5114634146341464,0.513609756097561,0.5154634146341464,0.5130731707317073,0.5209756097560976,0.5102926829268293],"val_loss":[1.1892412900924683,1.1780154705047607,1.12844979763031,1.1211212873458862,1.118876576423645,1.1140470504760742,1.1033495664596558,1.1158980131149292,1.1031429767608643,1.120399832725525]}