{"train_loss":[1.1932635307312012,1.13450026512146,1.1128686666488647,1.0827885866165161,1.0710794925689697,1.0600441694259644,1.0480806827545166,1.0406951904296875,1.0258231163024902,1.0178653001785278],"train_acc":[0.47112737127371274,0.5013550135501355,0.5157289972899729,0.5268726287262873,0.53289972899729,0.5387046070460705,0.5448563685636857,0.5465853658536586,0.5546720867208672,0.5582655826558266],"mean_batch_loss":[1.3762294300885156,1.1979387690427192,1.15601241805675,1.1312446276160772,1.113052572169901,1.1000763690496458,1.0897271910910387,1.0797105119578176,1.070928203885935,1.0654540703067588],"val_acc":[0.46463414634146344,0.4950731707317073,0.5010243902439024,0.5108780487804878,0.515609756097561,0.5168780487804878,0.514,0.5164878048780488,0.5181951219512195,0.5187317073170732],"val_loss":[1.1987870931625366,1.1501461267471313,1.1393910646438599,1.1159852743148804,1.107445240020752,1.1116095781326294,1.1132524013519287,1.1079237461090088,1.1011059284210205,1.1067014932632446]}