{"train_loss":[1.2089136838912964,1.1279773712158203,1.1054847240447998,1.0787709951400757,1.0754117965698242,1.0538625717163086,1.0470936298370361,1.0367587804794312,1.0419979095458984,1.0201137065887451],"train_acc":[0.46764227642276424,0.5053550135501355,0.5154146341463415,0.5282926829268293,0.5305907859078591,0.5392574525745257,0.543620596205962,0.5507262872628726,0.5485149051490515,0.5580216802168022],"mean_batch_loss":[1.3705492063483304,1.192927986931313,1.1514494844166057,1.1288115746066094,1.110359788137387,1.1003689553396097,1.089018914824015,1.080557420710247,1.0728280435533024,1.0641612406513818],"val_acc":[0.4593170731707317,0.49746341463414634,0.5058536585365854,0.5122439024390244,0.5098048780487805,0.5212682926829268,0.5227317073170732,0.5202926829268293,0.5202926829268293,0.5257560975609756],"val_loss":[1.2190334796905518,1.1430226564407349,1.1253646612167358,1.1113648414611816,1.1188833713531494,1.1018824577331543,1.1043651103973389,1.1001297235488892,1.1090375185012817,1.0982372760772705]}